Sun Aug 30 22:37:45 IST 2020,15-3-2020,2-11-1997,ADD,17-01-4018
Sun Aug 30 22:38:28 IST 2020,1-9-2020,null,WEEK_OF_YEAR,36
Sun Aug 30 22:39:03 IST 2020,100 weeks from now,null,PHRASE_CONVERSION,31-07-2022
Sun Aug 30 22:39:40 IST 2020,125 days earlier,null,PHRASE_CONVERSION,27-04-2020
Sun Aug 30 22:40:08 IST 2020,null,null,CURRENT_SESSION_HISTORY,null
Sun Aug 30 22:40:38 IST 2020,3-7-2017,19-10-2119,SUBTRACT,{MONTHS=1227  YEARS=102  WEEKS=5337  DAYS=37362}
Sun Aug 30 22:41:13 IST 2020,null,null,PREVIOUS_SESSIONS_HISTORY,null
Sun Aug 30 22:41:54 IST 2020,15-6-1586,19-7-1973,ADD,03-01-3560
Sun Aug 30 22:41:54 IST 2020,18-8-2804,11-9-2853,ADD,29-04-5658
Sun Aug 30 22:41:54 IST 2020,18-8-2411,1134,MINUS_N_DAYS,10-07-2408
Sun Aug 30 22:41:54 IST 2020,31-3-3134,WEEK_OF_YEAR,null,7
Sun Aug 30 22:41:54 IST 2020,14-9-2808,29-4-2695,ADD,12-01-5504
Sun Aug 30 22:41:54 IST 2020,19-9-1750,303,MINUS_N_WEEKS,28-11-1744
Sun Aug 30 22:41:54 IST 2020,1-9-3116,4-2-2931,ADD,05-10-6047
Sun Aug 30 22:41:54 IST 2020,5-11-3420,25-7-2374,SUBTRACT,{MONTHS=12555  YEARS=1046  WEEKS=54592  DAYS=382147}
Sun Aug 30 22:41:54 IST 2020,15-4-3479,WEEK_OF_YEAR,null,3
Sun Aug 30 22:41:54 IST 2020,null,null,CURRENT_SESSION_HISTORY,null
Sun Aug 30 22:41:54 IST 2020,null,null,PREVIOUS_SESSIONS_HISTORY,null
Sun Aug 30 22:41:54 IST 2020,null,null,PREVIOUS_SESSIONS_HISTORY,null
Sun Aug 30 22:41:54 IST 2020,null,null,PREVIOUS_SESSIONS_HISTORY,null
Sun Aug 30 22:41:54 IST 2020,null,null,PREVIOUS_SESSIONS_HISTORY,null
Sun Aug 30 22:41:54 IST 2020,4-2-3394,WEEK_OF_YEAR,null,3
Sun Aug 30 22:41:54 IST 2020,22-10-1942,2057,MINUS_N_WEEKS,21-05-1903
Sun Aug 30 22:41:54 IST 2020,1991 years earlier,PHRASE_CONVERSION,null,30-08-0029
Sun Aug 30 22:41:54 IST 2020,null,null,CURRENT_SESSION_HISTORY,null
Sun Aug 30 22:41:54 IST 2020,22-6-2987,27-5-2205,ADD,18-11-5192
Sun Aug 30 22:41:54 IST 2020,24-11-2809,WEEK_OF_YEAR,null,3
Sun Aug 30 22:41:54 IST 2020,null,null,PREVIOUS_SESSIONS_HISTORY,null
Sun Aug 30 22:41:54 IST 2020,8-8-2546,25-12-2169,ADD,02-08-4716
Sun Aug 30 22:41:54 IST 2020,7-12-1561,2234,MINUS_N_MONTHS,07-10-1375
Sun Aug 30 22:41:54 IST 2020,14-1-1967,2217,MINUS_N_MONTHS,14-04-1782
Sun Aug 30 22:41:54 IST 2020,8-8-2102,WEEK_OF_YEAR,null,3
Sun Aug 30 22:41:54 IST 2020,24-1-2353,16-10-3316,ADD,09-11-5669
Sun Aug 30 22:41:54 IST 2020,13-3-3218,20-11-3277,ADD,02-02-6496
Sun Aug 30 22:41:54 IST 2020,9-7-1959,13-10-3347,ADD,22-04-5307
Sun Aug 30 22:41:54 IST 2020,17-3-3451,14-3-1756,SUBTRACT,{MONTHS=20340  YEARS=1695  WEEKS=88441  DAYS=619088}
Sun Aug 30 22:41:54 IST 2020,21-6-3310,3-7-2731,SUBTRACT,{MONTHS=6947  YEARS=578  WEEKS=30209  DAYS=211464}
Sun Aug 30 22:41:54 IST 2020,7-3-1820,10-5-2115,ADD,17-07-3935
Sun Aug 30 22:41:54 IST 2020,null,null,CURRENT_SESSION_HISTORY,null
Sun Aug 30 22:41:54 IST 2020,13-4-3245,312,MINUS_N_DAYS,05-06-3244
Sun Aug 30 22:41:54 IST 2020,5-11-3023,12-2-2524,SUBTRACT,{MONTHS=5996  YEARS=499  WEEKS=26074  DAYS=182522}
Sun Aug 30 22:41:54 IST 2020,16-8-2291,3938,MINUS_N_DAYS,03-11-2280
Sun Aug 30 22:41:54 IST 2020,6-5-3469,18-8-1980,SUBTRACT,{MONTHS=17864  YEARS=1488  WEEKS=77677  DAYS=543742}
Sun Aug 30 22:41:54 IST 2020,19 days earlier,PHRASE_CONVERSION,null,11-08-2020
Sun Aug 30 22:41:54 IST 2020,null,null,PREVIOUS_SESSIONS_HISTORY,null
Sun Aug 30 22:41:54 IST 2020,24-10-2194,1-5-3284,SUBTRACT,{MONTHS=13074  YEARS=1089  WEEKS=56848  DAYS=397939}
Sun Aug 30 22:41:54 IST 2020,null,null,CURRENT_SESSION_HISTORY,null
Sun Aug 30 22:41:54 IST 2020,21 weeks from now,PHRASE_CONVERSION,null,24-01-2021
Sun Aug 30 22:41:54 IST 2020,2-12-1707,15-6-1581,SUBTRACT,{MONTHS=1517  YEARS=126  WEEKS=6598  DAYS=46190}
Sun Aug 30 22:41:54 IST 2020,24-4-1535,2552,MINUS_N_DAYS,28-04-1528
Sun Aug 30 22:41:54 IST 2020,31-5-3272,21-9-2821,SUBTRACT,{MONTHS=5408  YEARS=450  WEEKS=23516  DAYS=164612}
Sun Aug 30 22:41:54 IST 2020,9-9-2424,1246,MINUS_N_MONTHS,09-11-2320
Sun Aug 30 22:41:54 IST 2020,2-5-3468,7-9-2580,ADD,09-01-6049
Sun Aug 30 22:41:54 IST 2020,24-5-3394,4-3-2110,ADD,28-07-5504
Sun Aug 30 22:41:54 IST 2020,5-2-2990,3973,MINUS_N_DAYS,22-03-2979
Sun Aug 30 22:41:54 IST 2020,20-2-1909,25-7-2830,ADD,14-09-4739
Sun Aug 30 22:41:54 IST 2020,11-4-2156,4656,MINUS_N_MONTHS,11-04-1768
Sun Aug 30 22:41:54 IST 2020,18-1-2994,WEEK_OF_YEAR,null,7
Sun Aug 30 22:41:54 IST 2020,26-9-1607,WEEK_OF_YEAR,null,4
Sun Aug 30 22:41:54 IST 2020,30-1-2164,21-1-2410,SUBTRACT,{MONTHS=2951  YEARS=245  WEEKS=12834  DAYS=89841}
Sun Aug 30 22:41:54 IST 2020,18-4-3386,DAY_OF_WEEK,null,3
Sun Aug 30 22:41:54 IST 2020,8 months from now,PHRASE_CONVERSION,null,30-04-2021
Sun Aug 30 22:41:54 IST 2020,last year,PHRASE_CONVERSION,null,30-08-2019
Sun Aug 30 22:41:54 IST 2020,22-10-3132,WEEK_OF_YEAR,null,7
Sun Aug 30 22:41:54 IST 2020,13-3-3246,17-8-2739,SUBTRACT,{MONTHS=6078  YEARS=506  WEEKS=26431  DAYS=185022}
Sun Aug 30 22:41:54 IST 2020,4-8-2408,DAY_OF_WEEK,null,2
Sun Aug 30 22:41:54 IST 2020,null,null,CURRENT_SESSION_HISTORY,null
Sun Aug 30 22:41:54 IST 2020,25-12-1922,763,MINUS_N_DAYS,22-11-1920
Sun Aug 30 22:41:54 IST 2020,null,null,CURRENT_SESSION_HISTORY,null
Sun Aug 30 22:41:54 IST 2020,2-10-2330,WEEK_OF_YEAR,null,5
Sun Aug 30 22:41:54 IST 2020,null,null,CURRENT_SESSION_HISTORY,null
Sun Aug 30 22:41:54 IST 2020,null,null,PREVIOUS_SESSIONS_HISTORY,null
Sun Aug 30 22:41:54 IST 2020,20-1-1796,191,MINUS_N_WEEKS,23-05-1792
Sun Aug 30 22:41:54 IST 2020,null,null,PREVIOUS_SESSIONS_HISTORY,null
Sun Aug 30 22:41:54 IST 2020,29-12-2840,DAY_OF_WEEK,null,7
Sun Aug 30 22:41:54 IST 2020,5-12-1998,DAY_OF_WEEK,null,7
Sun Aug 30 22:41:54 IST 2020,17-6-1804,30-11-1856,ADD,17-05-3661
Sun Aug 30 22:41:54 IST 2020,16-7-2002,DAY_OF_WEEK,null,3
Sun Aug 30 22:41:54 IST 2020,null,null,PREVIOUS_SESSIONS_HISTORY,null
Sun Aug 30 22:41:54 IST 2020,null,null,PREVIOUS_SESSIONS_HISTORY,null
Sun Aug 30 22:41:55 IST 2020,9-11-2437,3739,MINUS_N_MONTHS,09-04-2126
Sun Aug 30 22:41:55 IST 2020,16-11-2865,WEEK_OF_YEAR,null,2
Sun Aug 30 22:41:55 IST 2020,last week,PHRASE_CONVERSION,null,23-08-2020
Sun Aug 30 22:41:55 IST 2020,7-12-2920,24-2-2808,SUBTRACT,{MONTHS=1353  YEARS=112  WEEKS=5884  DAYS=41194}
Sun Aug 30 22:41:55 IST 2020,null,null,CURRENT_SESSION_HISTORY,null
Sun Aug 30 22:41:55 IST 2020,29-7-2838,12-11-3389,SUBTRACT,{MONTHS=6615  YEARS=551  WEEKS=28765  DAYS=201355}
Sun Aug 30 22:41:55 IST 2020,null,null,PREVIOUS_SESSIONS_HISTORY,null
Sun Aug 30 22:41:55 IST 2020,24-3-2378,21-3-2618,ADD,14-06-4996
Sun Aug 30 22:41:55 IST 2020,26-1-2273,2813,MINUS_N_DAYS,15-05-2265
Sun Aug 30 22:41:55 IST 2020,24-8-2828,9-4-2188,SUBTRACT,{MONTHS=7684  YEARS=640  WEEKS=33413  DAYS=233892}
Sun Aug 30 22:41:55 IST 2020,23-5-1629,1185,MINUS_N_WEEKS,06-09-1606
Sun Aug 30 22:41:55 IST 2020,null,null,PREVIOUS_SESSIONS_HISTORY,null
Sun Aug 30 22:41:55 IST 2020,21-1-1944,23-3-1971,SUBTRACT,{MONTHS=326  YEARS=27  WEEKS=1417  DAYS=9923}
Sun Aug 30 22:41:55 IST 2020,last month,PHRASE_CONVERSION,null,30-07-2020
Sun Aug 30 22:41:55 IST 2020,null,null,CURRENT_SESSION_HISTORY,null
Sun Aug 30 22:41:55 IST 2020,20-9-2111,2209,MINUS_N_WEEKS,19-05-2069
Sun Aug 30 22:41:55 IST 2020,next month,PHRASE_CONVERSION,null,30-09-2020
Sun Aug 30 22:41:55 IST 2020,null,null,PREVIOUS_SESSIONS_HISTORY,null
Sun Aug 30 22:41:55 IST 2020,26-1-2209,21-1-2320,SUBTRACT,{MONTHS=1331  YEARS=110  WEEKS=5790  DAYS=40536}
Sun Aug 30 22:41:55 IST 2020,25-3-1963,3509,MINUS_N_MONTHS,25-10-1670
Sun Aug 30 22:41:55 IST 2020,5-8-2762,26-7-1697,SUBTRACT,{MONTHS=12780  YEARS=1065  WEEKS=55570  DAYS=388992}
Sun Aug 30 22:41:55 IST 2020,9-1-3162,26-9-2580,SUBTRACT,{MONTHS=6975  YEARS=581  WEEKS=30330  DAYS=212310}
Sun Aug 30 22:41:55 IST 2020,20-5-3317,2303,MINUS_N_DAYS,29-01-3311
Sun Aug 30 22:41:55 IST 2020,null,null,PREVIOUS_SESSIONS_HISTORY,null
Sun Aug 30 22:41:55 IST 2020,3401 years earlier,PHRASE_CONVERSION,null,30-08-1382
Sun Aug 30 22:41:55 IST 2020,5-2-2932,4448,MINUS_N_MONTHS,05-06-2561
Sun Aug 30 22:41:55 IST 2020,6-6-3135,627,MINUS_N_WEEKS,31-05-3123
Sun Aug 30 22:41:55 IST 2020,2-7-3240,4-6-2044,SUBTRACT,{MONTHS=14352  YEARS=1196  WEEKS=62408  DAYS=436858}
Sun Aug 30 22:41:55 IST 2020,null,null,CURRENT_SESSION_HISTORY,null
Sun Aug 30 22:41:55 IST 2020,24-5-3021,WEEK_OF_YEAR,null,5
Sun Aug 30 22:41:55 IST 2020,7-2-1713,31-8-1725,SUBTRACT,{MONTHS=150  YEARS=12  WEEKS=655  DAYS=4588}
Sun Aug 30 22:41:55 IST 2020,null,null,PREVIOUS_SESSIONS_HISTORY,null
Sun Aug 30 22:41:55 IST 2020,null,null,PREVIOUS_SESSIONS_HISTORY,null
Sun Aug 30 22:41:55 IST 2020,26-8-1900,DAY_OF_WEEK,null,1
Sun Aug 30 22:41:55 IST 2020,16-11-2776,8-11-2417,SUBTRACT,{MONTHS=4308  YEARS=359  WEEKS=18732  DAYS=131130}
Sun Aug 30 22:41:55 IST 2020,9-5-2930,DAY_OF_WEEK,null,3
Sun Aug 30 22:41:55 IST 2020,24-5-1653,4939,MINUS_N_MONTHS,24-10-1241
Sun Aug 30 22:41:55 IST 2020,23-6-2256,4956,MINUS_N_DAYS,28-11-2242
Sun Aug 30 22:41:55 IST 2020,18-5-3321,22-8-3449,ADD,09-01-6771
Sun Aug 30 22:41:55 IST 2020,1-7-1836,15-4-2942,ADD,16-10-4778
Sun Aug 30 22:41:55 IST 2020,8-9-1726,WEEK_OF_YEAR,null,1
Sun Aug 30 22:41:55 IST 2020,12-4-1606,3261,MINUS_N_DAYS,08-05-1597
Sun Aug 30 22:41:55 IST 2020,13-6-1663,819,MINUS_N_DAYS,16-03-1661
Sun Aug 30 22:41:55 IST 2020,2374 years earlier,PHRASE_CONVERSION,null,30-08-0355
Sun Aug 30 22:41:55 IST 2020,18-10-2964,DAY_OF_WEEK,null,5
Sun Aug 30 22:41:55 IST 2020,18-11-2584,73,MINUS_N_WEEKS,26-06-2583
Sun Aug 30 22:41:55 IST 2020,23 days earlier,PHRASE_CONVERSION,null,07-08-2020
Sun Aug 30 22:41:55 IST 2020,2-10-2855,852,MINUS_N_DAYS,02-06-2853
Sun Aug 30 22:41:55 IST 2020,yesterday,PHRASE_CONVERSION,null,29-08-2020
Sun Aug 30 22:41:55 IST 2020,31-10-1763,DAY_OF_WEEK,null,2
Sun Aug 30 22:41:55 IST 2020,null,null,PREVIOUS_SESSIONS_HISTORY,null
Sun Aug 30 22:41:55 IST 2020,9-1-2039,DAY_OF_WEEK,null,1
Sun Aug 30 22:41:55 IST 2020,26-4-2175,3780,MINUS_N_DAYS,19-12-2164
Sun Aug 30 22:41:55 IST 2020,18-9-3299,DAY_OF_WEEK,null,6
Sun Aug 30 22:41:55 IST 2020,1 days earlier,PHRASE_CONVERSION,null,29-08-2020
Sun Aug 30 22:41:55 IST 2020,7-2-2057,8-2-1787,SUBTRACT,{MONTHS=3239  YEARS=269  WEEKS=14087  DAYS=98615}
Sun Aug 30 22:41:55 IST 2020,day after tomorrow,PHRASE_CONVERSION,null,01-09-2020
Sun Aug 30 22:41:55 IST 2020,16-3-2195,WEEK_OF_YEAR,null,2
Sun Aug 30 22:41:55 IST 2020,25-10-3066,DAY_OF_WEEK,null,5
Sun Aug 30 22:41:55 IST 2020,2268 years earlier,PHRASE_CONVERSION,null,30-08-0249
Sun Aug 30 22:41:55 IST 2020,null,null,CURRENT_SESSION_HISTORY,null
Sun Aug 30 22:41:55 IST 2020,21-12-3081,1640,MINUS_N_MONTHS,21-04-2945
Sun Aug 30 22:41:55 IST 2020,8-9-3042,3811,MINUS_N_MONTHS,08-02-2725
Sun Aug 30 22:41:55 IST 2020,14-7-1693,4154,MINUS_N_WEEKS,03-12-1613
Sun Aug 30 22:41:55 IST 2020,null,null,CURRENT_SESSION_HISTORY,null
Sun Aug 30 22:41:55 IST 2020,23-7-2749,DAY_OF_WEEK,null,7
Sun Aug 30 22:41:55 IST 2020,23-11-2033,4807,MINUS_N_MONTHS,23-04-1633
Sun Aug 30 22:41:55 IST 2020,last week,PHRASE_CONVERSION,null,23-08-2020
Sun Aug 30 22:41:55 IST 2020,19-7-1759,4047,MINUS_N_DAYS,19-06-1748
Sun Aug 30 22:41:55 IST 2020,29-2-2689,12-4-1664,ADD,13-06-4353
Sun Aug 30 22:41:55 IST 2020,previous week,PHRASE_CONVERSION,null,23-08-2020
Sun Aug 30 22:41:55 IST 2020,17-9-1612,DAY_OF_WEEK,null,2
Sun Aug 30 22:41:55 IST 2020,11-4-1827,598,MINUS_N_DAYS,21-08-1825
Sun Aug 30 22:41:55 IST 2020,10-4-3318,DAY_OF_WEEK,null,1
Sun Aug 30 22:41:55 IST 2020,8-8-3362,3100,MINUS_N_MONTHS,08-04-3104
Sun Aug 30 22:41:55 IST 2020,24-6-2376,3463,MINUS_N_WEEKS,10-02-2310
Sun Aug 30 22:41:55 IST 2020,next week,PHRASE_CONVERSION,null,06-09-2020
Sun Aug 30 22:41:55 IST 2020,24-7-2168,25-8-3330,ADD,21-03-5499
Sun Aug 30 22:41:55 IST 2020,null,null,CURRENT_SESSION_HISTORY,null
Sun Aug 30 22:41:55 IST 2020,null,null,PREVIOUS_SESSIONS_HISTORY,null
Sun Aug 30 22:41:55 IST 2020,17-3-2875,1244,MINUS_N_MONTHS,17-07-2771
Sun Aug 30 22:41:55 IST 2020,19-10-2415,DAY_OF_WEEK,null,2
Sun Aug 30 22:41:55 IST 2020,22-1-2873,25-2-2727,SUBTRACT,{MONTHS=1750  YEARS=145  WEEKS=7613  DAYS=53293}
Sun Aug 30 22:41:55 IST 2020,24-3-2631,9-11-2290,ADD,02-02-4922
Sun Aug 30 22:41:55 IST 2020,27-1-3033,28-10-2014,SUBTRACT,{MONTHS=12218  YEARS=1018  WEEKS=53129  DAYS=371908}
Sun Aug 30 22:41:55 IST 2020,7-1-2199,2009,MINUS_N_MONTHS,07-08-2031
Sun Aug 30 22:41:55 IST 2020,19-6-1914,1212,MINUS_N_DAYS,23-02-1911
Sun Aug 30 22:41:55 IST 2020,10-7-2653,20-8-3336,SUBTRACT,{MONTHS=8197  YEARS=683  WEEKS=35643  DAYS=249502}
Sun Aug 30 22:41:55 IST 2020,20-6-1626,126,MINUS_N_WEEKS,20-01-1624
Sun Aug 30 22:41:55 IST 2020,5-5-3322,3622,MINUS_N_MONTHS,05-07-3020
Sun Aug 30 22:41:55 IST 2020,2-7-2269,30-6-2398,ADD,01-01-4668
Sun Aug 30 22:41:55 IST 2020,10-8-2981,4236,MINUS_N_DAYS,04-01-2970
Sun Aug 30 22:41:55 IST 2020,15-8-2083,DAY_OF_WEEK,null,1
Sun Aug 30 22:41:55 IST 2020,2-12-3239,4799,MINUS_N_DAYS,12-10-3226
Sun Aug 30 22:41:55 IST 2020,null,null,PREVIOUS_SESSIONS_HISTORY,null
Sun Aug 30 22:41:55 IST 2020,22-5-2169,DAY_OF_WEEK,null,2
Sun Aug 30 22:41:55 IST 2020,14-4-2216,13-7-1804,SUBTRACT,{MONTHS=4941  YEARS=411  WEEKS=21484  DAYS=150390}
Sun Aug 30 22:41:55 IST 2020,19-11-1698,20-2-2033,ADD,08-01-3732
Sun Aug 30 22:41:55 IST 2020,9-6-2662,3907,MINUS_N_WEEKS,23-07-2587
Sun Aug 30 22:41:55 IST 2020,2 months earlier,PHRASE_CONVERSION,null,30-06-2020
Sun Aug 30 22:41:55 IST 2020,null,null,CURRENT_SESSION_HISTORY,null
Sun Aug 30 22:41:55 IST 2020,16-9-1817,1704,MINUS_N_MONTHS,16-09-1675
Sun Aug 30 22:41:55 IST 2020,null,null,PREVIOUS_SESSIONS_HISTORY,null
Sun Aug 30 22:41:55 IST 2020,26-10-2627,1408,MINUS_N_WEEKS,31-10-2600
Sun Aug 30 22:41:55 IST 2020,next week,PHRASE_CONVERSION,null,06-09-2020
Sun Aug 30 22:41:55 IST 2020,25-3-2372,WEEK_OF_YEAR,null,7
Sun Aug 30 22:41:55 IST 2020,29-3-2297,353,MINUS_N_DAYS,10-04-2296
Sun Aug 30 22:41:55 IST 2020,6-3-3249,468,MINUS_N_WEEKS,17-03-3240
Sun Aug 30 22:41:55 IST 2020,23 weeks earlier,PHRASE_CONVERSION,null,22-03-2020
Sun Aug 30 22:41:55 IST 2020,null,null,PREVIOUS_SESSIONS_HISTORY,null
Sun Aug 30 22:41:55 IST 2020,22-10-1955,23-2-3232,ADD,15-12-5187
Sun Aug 30 22:41:55 IST 2020,10-7-2753,4221,MINUS_N_MONTHS,10-10-2401
Sun Aug 30 22:41:55 IST 2020,null,null,CURRENT_SESSION_HISTORY,null
Sun Aug 30 22:41:55 IST 2020,null,null,PREVIOUS_SESSIONS_HISTORY,null
Sun Aug 30 22:41:55 IST 2020,17-4-1765,3427,MINUS_N_WEEKS,12-08-1699
Sun Aug 30 22:41:55 IST 2020,15-2-2068,DAY_OF_WEEK,null,4
Sun Aug 30 22:41:55 IST 2020,18-11-2535,DAY_OF_WEEK,null,6
Sun Aug 30 22:41:55 IST 2020,24-3-1698,DAY_OF_WEEK,null,2
Sun Aug 30 22:41:55 IST 2020,31-6-2289,2330,MINUS_N_MONTHS,01-05-2095
Sun Aug 30 22:41:55 IST 2020,15-12-2147,2397,MINUS_N_WEEKS,06-01-2102
Sun Aug 30 22:41:55 IST 2020,24-3-1807,1578,MINUS_N_DAYS,27-11-1802
Sun Aug 30 22:41:55 IST 2020,null,null,PREVIOUS_SESSIONS_HISTORY,null
Sun Aug 30 22:41:55 IST 2020,6-11-3213,789,MINUS_N_DAYS,09-09-3211
Sun Aug 30 22:41:55 IST 2020,1-2-2436,14-1-1591,SUBTRACT,{MONTHS=10140  YEARS=845  WEEKS=44092  DAYS=308648}
Sun Aug 30 22:41:55 IST 2020,18-1-2650,214,MINUS_N_MONTHS,18-03-2632
Sun Aug 30 22:41:55 IST 2020,21-7-3008,414,MINUS_N_WEEKS,14-08-3000
Sun Aug 30 22:41:56 IST 2020,1-2-1862,WEEK_OF_YEAR,null,7
Sun Aug 30 22:41:56 IST 2020,10-4-1957,DAY_OF_WEEK,null,4
Sun Aug 30 22:41:56 IST 2020,21-9-3189,DAY_OF_WEEK,null,5
Sun Aug 30 22:41:56 IST 2020,6-4-2440,2619,MINUS_N_DAYS,03-02-2433
Sun Aug 30 22:41:56 IST 2020,21-4-2340,1559,MINUS_N_WEEKS,05-06-2310
Sun Aug 30 22:41:56 IST 2020,10-12-1946,182,MINUS_N_MONTHS,10-10-1931
Sun Aug 30 22:41:56 IST 2020,15-5-2893,DAY_OF_WEEK,null,6
Sun Aug 30 22:41:56 IST 2020,13-8-1976,26-5-2763,ADD,08-01-4740
Sun Aug 30 22:41:56 IST 2020,28-9-2957,DAY_OF_WEEK,null,4
Sun Aug 30 22:41:56 IST 2020,14-5-2055,915,MINUS_N_DAYS,10-11-2052
Sun Aug 30 22:41:56 IST 2020,21-2-2077,DAY_OF_WEEK,null,1
Sun Aug 30 22:41:56 IST 2020,null,null,CURRENT_SESSION_HISTORY,null
Sun Aug 30 22:41:56 IST 2020,1-2-2111,2444,MINUS_N_DAYS,24-05-2104
Sun Aug 30 22:41:56 IST 2020,8-11-1715,7-12-2641,SUBTRACT,{MONTHS=11112  YEARS=926  WEEKS=48320  DAYS=338244}
Sun Aug 30 22:41:56 IST 2020,12-9-1547,DAY_OF_WEEK,null,2
Sun Aug 30 22:41:56 IST 2020,4-7-1521,DAY_OF_WEEK,null,5
Sun Aug 30 22:41:56 IST 2020,26-2-3039,258,MINUS_N_DAYS,13-06-3038
Sun Aug 30 22:41:56 IST 2020,27-3-1570,WEEK_OF_YEAR,null,2
Sun Aug 30 22:41:56 IST 2020,15-7-2667,WEEK_OF_YEAR,null,2
Sun Aug 30 22:41:56 IST 2020,null,null,PREVIOUS_SESSIONS_HISTORY,null
Sun Aug 30 22:41:56 IST 2020,null,null,PREVIOUS_SESSIONS_HISTORY,null
Sun Aug 30 22:41:56 IST 2020,5-11-2344,DAY_OF_WEEK,null,1
Sun Aug 30 22:41:56 IST 2020,4-1-3011,WEEK_OF_YEAR,null,6
Sun Aug 30 22:41:56 IST 2020,27-2-2521,467,MINUS_N_WEEKS,17-03-2512
Sun Aug 30 22:41:56 IST 2020,3-1-2016,21-1-3245,ADD,24-01-5261
Sun Aug 30 22:41:56 IST 2020,null,null,PREVIOUS_SESSIONS_HISTORY,null
Sun Aug 30 22:41:56 IST 2020,3175 years from now,PHRASE_CONVERSION,null,30-08-5195
Sun Aug 30 22:41:56 IST 2020,8-1-1670,3194,MINUS_N_MONTHS,08-11-1403
Sun Aug 30 22:41:56 IST 2020,28-5-3257,10-5-3070,SUBTRACT,{MONTHS=2244  YEARS=187  WEEKS=9759  DAYS=68319}
Sun Aug 30 22:41:56 IST 2020,9-4-2886,4240,MINUS_N_DAYS,30-08-2874
Sun Aug 30 22:41:56 IST 2020,3-3-3089,123,MINUS_N_MONTHS,03-12-3078
Sun Aug 30 22:41:56 IST 2020,31-5-1536,DAY_OF_WEEK,null,4
Sun Aug 30 22:41:56 IST 2020,30-6-2027,40,MINUS_N_DAYS,21-05-2027
Sun Aug 30 22:41:56 IST 2020,null,null,PREVIOUS_SESSIONS_HISTORY,null
Sun Aug 30 22:41:56 IST 2020,last week,PHRASE_CONVERSION,null,23-08-2020
Sun Aug 30 22:41:56 IST 2020,14-12-3294,4843,MINUS_N_DAYS,10-09-3281
Sun Aug 30 22:41:56 IST 2020,29-8-2860,WEEK_OF_YEAR,null,1
Sun Aug 30 22:41:56 IST 2020,14-4-1685,11-9-3035,SUBTRACT,{MONTHS=16204  YEARS=1350  WEEKS=70460  DAYS=493226}
Sun Aug 30 22:41:56 IST 2020,22-9-2053,28-3-2006,ADD,20-12-4059
Sun Aug 30 22:41:56 IST 2020,6-3-2987,DAY_OF_WEEK,null,3
Sun Aug 30 22:41:56 IST 2020,17-12-1857,DAY_OF_WEEK,null,5
Sun Aug 30 22:41:56 IST 2020,18-12-1734,2154,MINUS_N_DAYS,24-01-1729
Sun Aug 30 22:41:56 IST 2020,null,null,CURRENT_SESSION_HISTORY,null
Sun Aug 30 22:41:56 IST 2020,7-10-3259,30-3-2219,ADD,06-01-5479
Sun Aug 30 22:41:56 IST 2020,17-12-2727,2-6-2286,SUBTRACT,{MONTHS=5298  YEARS=441  WEEKS=23038  DAYS=161269}
Sun Aug 30 22:41:56 IST 2020,5-3-1801,3144,MINUS_N_DAYS,25-07-1792
Sun Aug 30 22:41:56 IST 2020,3-3-3085,6-8-3442,SUBTRACT,{MONTHS=4289  YEARS=357  WEEKS=18649  DAYS=130547}
Sun Aug 30 22:41:56 IST 2020,13-6-2698,401,MINUS_N_DAYS,08-05-2697
Sun Aug 30 22:41:56 IST 2020,21-4-1774,WEEK_OF_YEAR,null,5
Sun Aug 30 22:41:56 IST 2020,last year,PHRASE_CONVERSION,null,30-08-2019
Sun Aug 30 22:41:56 IST 2020,30-9-2747,WEEK_OF_YEAR,null,3
Sun Aug 30 22:41:56 IST 2020,19-9-2687,3570,MINUS_N_DAYS,10-12-2677
Sun Aug 30 22:41:56 IST 2020,last week,PHRASE_CONVERSION,null,23-08-2020
Sun Aug 30 22:41:56 IST 2020,null,null,CURRENT_SESSION_HISTORY,null
Sun Aug 30 22:41:56 IST 2020,15-12-2317,WEEK_OF_YEAR,null,7
Sun Aug 30 22:41:56 IST 2020,25-3-2587,3549,MINUS_N_DAYS,06-07-2577
Sun Aug 30 22:41:56 IST 2020,last week,PHRASE_CONVERSION,null,23-08-2020
Sun Aug 30 22:41:56 IST 2020,15-5-2523,4-9-2122,ADD,19-01-4646
Sun Aug 30 22:41:56 IST 2020,14-4-1556,DAY_OF_WEEK,null,3
Sun Aug 30 22:41:56 IST 2020,1-9-1607,WEEK_OF_YEAR,null,7
Sun Aug 30 22:41:56 IST 2020,null,null,PREVIOUS_SESSIONS_HISTORY,null
Sun Aug 30 22:41:56 IST 2020,16-1-2379,386,MINUS_N_DAYS,26-12-2377
Sun Aug 30 22:41:56 IST 2020,18-1-3212,30-12-3344,SUBTRACT,{MONTHS=1595  YEARS=132  WEEKS=6937  DAYS=48559}
Sun Aug 30 22:41:56 IST 2020,21-10-2654,3479,MINUS_N_DAYS,12-04-2645
Sun Aug 30 22:41:56 IST 2020,21-11-2053,112,MINUS_N_DAYS,01-08-2053
Sun Aug 30 22:41:56 IST 2020,null,null,PREVIOUS_SESSIONS_HISTORY,null
Sun Aug 30 22:41:56 IST 2020,null,null,CURRENT_SESSION_HISTORY,null
Sun Aug 30 22:41:56 IST 2020,17-10-3147,WEEK_OF_YEAR,null,6
Sun Aug 30 22:41:56 IST 2020,3-2-3387,5-2-3480,ADD,08-03-6867
Sun Aug 30 22:41:56 IST 2020,14-1-1951,DAY_OF_WEEK,null,1
Sun Aug 30 22:41:56 IST 2020,16-12-3211,430,MINUS_N_DAYS,12-10-3210
Sun Aug 30 22:41:56 IST 2020,null,null,CURRENT_SESSION_HISTORY,null
Sun Aug 30 22:41:56 IST 2020,27-5-1949,WEEK_OF_YEAR,null,6
Sun Aug 30 22:41:56 IST 2020,9-7-1765,WEEK_OF_YEAR,null,3
Sun Aug 30 22:41:56 IST 2020,25-10-2179,DAY_OF_WEEK,null,2
Sun Aug 30 22:41:56 IST 2020,6-10-2427,1770,MINUS_N_WEEKS,03-11-2393
Sun Aug 30 22:41:56 IST 2020,8-8-3159,WEEK_OF_YEAR,null,7
Sun Aug 30 22:41:56 IST 2020,null,null,PREVIOUS_SESSIONS_HISTORY,null
Sun Aug 30 22:41:56 IST 2020,3-1-2857,669,MINUS_N_DAYS,06-03-2855
Sun Aug 30 22:41:56 IST 2020,null,null,CURRENT_SESSION_HISTORY,null
Sun Aug 30 22:41:56 IST 2020,30-7-2305,28-1-2627,SUBTRACT,{MONTHS=3857  YEARS=321  WEEKS=16775  DAYS=117425}
Sun Aug 30 22:41:56 IST 2020,null,null,CURRENT_SESSION_HISTORY,null
Sun Aug 30 22:41:56 IST 2020,9-1-1634,17-2-2349,SUBTRACT,{MONTHS=8581  YEARS=715  WEEKS=37312  DAYS=261187}
Sun Aug 30 22:41:56 IST 2020,23-8-2877,DAY_OF_WEEK,null,2
Sun Aug 30 22:41:56 IST 2020,14-9-2948,WEEK_OF_YEAR,null,7
Sun Aug 30 22:41:56 IST 2020,21-6-1732,3247,MINUS_N_WEEKS,29-03-1670
Sun Aug 30 22:41:56 IST 2020,20-3-3294,3451,MINUS_N_MONTHS,20-08-3006
Sun Aug 30 22:41:56 IST 2020,11-9-3036,2449,MINUS_N_DAYS,28-12-3029
Sun Aug 30 22:41:56 IST 2020,last month,PHRASE_CONVERSION,null,30-07-2020
Sun Aug 30 22:41:56 IST 2020,null,null,PREVIOUS_SESSIONS_HISTORY,null
Sun Aug 30 22:41:56 IST 2020,null,null,CURRENT_SESSION_HISTORY,null
Sun Aug 30 22:41:56 IST 2020,null,null,CURRENT_SESSION_HISTORY,null
Sun Aug 30 22:41:56 IST 2020,22-3-2330,10-4-2882,SUBTRACT,{MONTHS=6624  YEARS=552  WEEKS=28804  DAYS=201634}
Sun Aug 30 22:41:56 IST 2020,30 days earlier,PHRASE_CONVERSION,null,31-07-2020
Sun Aug 30 22:41:56 IST 2020,3-5-2795,DAY_OF_WEEK,null,4
Sun Aug 30 22:41:56 IST 2020,6-6-1639,WEEK_OF_YEAR,null,2
Sun Aug 30 22:41:56 IST 2020,10-6-3089,4427,MINUS_N_MONTHS,10-07-2720
Sun Aug 30 22:41:56 IST 2020,null,null,PREVIOUS_SESSIONS_HISTORY,null
Sun Aug 30 22:41:56 IST 2020,18-7-3328,1667,MINUS_N_WEEKS,05-08-3296
Sun Aug 30 22:41:56 IST 2020,null,null,CURRENT_SESSION_HISTORY,null
